,Date,IEDB reference,Allele,Peptide length,Measurement type,Peptide seq,Measurement value,NN-align,NetMHCIIpan-3.1,Comblib matrices,SMM-align,Tepitope (Sturniolo),Consensus IEDB method
0,2017-11-24,1032311,HLA-DRB1*01:01,0,ic50,APNITANLTSSLLSV,279.67,17.0,32.88,0.0447,50.0,-1.86,9.74
1,2017-11-24,1032311,HLA-DRB1*01:01,0,ic50,ASYILIRDTHSLRTT,5.65,8.1,15.56,0.0309,34.0,-0.31,6.65
2,2017-11-24,1032311,HLA-DRB1*01:01,0,ic50,CRLFINVAPHARIAI,147.97,6.3,6.71,0.01,28.0,1.41,1.99
3,2017-11-24,1032311,HLA-DRB1*01:01,0,ic50,CRSLVELTPIAAVHG,1.59,8.8,13.22,0.01,34.0,1.2,4.22
4,2017-11-24,1032311,HLA-DRB1*01:01,0,ic50,EGFLKAQASLRGQYW,3.74,5.9,4.38,0.0876,10.0,-0.2,1.62
5,2017-11-24,1032311,HLA-DRB1*01:01,0,ic50,ELRFLCMDSALRVPV,12.6,5.8,5.04,1.95,18.0,0.2,3.24
6,2017-11-24,1032311,HLA-DRB1*01:01,0,ic50,GAELLRDPSLGAQFR,10000.0,19.1,67.77,2573.37,125.0,-2.0,20.93
7,2017-11-24,1032311,HLA-DRB1*01:01,0,ic50,GASFYHLGAAVPHSQ,31.07,4.5,5.3,0.01,26.0,0.9,0.39
8,2017-11-24,1032311,HLA-DRB1*01:01,0,ic50,GDMLLLWGRLTWRKM,1.61,12.6,34.2,0.5542,28.0,1.49,7.08
9,2017-11-24,1032311,HLA-DRB1*01:01,0,ic50,GSLLKTLPPARCRAG,7.11,10.6,7.76,0.0241,27.0,0.8,5.65
10,2017-11-24,1032311,HLA-DRB1*01:01,0,ic50,GVLLRYGSQLAPETF,28.34,10.5,31.06,0.0234,39.0,0.67,6.9
11,2017-11-24,1032311,HLA-DRB1*01:01,0,ic50,NEQCRVAFGPKAVAC,5000.0,14.2,66.07,0.01,267.0,-2.9,8.11
12,2017-11-24,1032311,HLA-DRB1*01:01,0,ic50,RPLFTHLAVRIGGRY,0.46,12.5,9.47,0.01,41.0,0.5,7.01
13,2017-11-24,1032311,HLA-DRB1*01:01,0,ic50,RRQLLSLLSAGRARC,0.91,4.8,3.57,0.0414,10.0,-0.5,1.36
14,2017-11-24,1032311,HLA-DRB1*01:01,0,ic50,VVTLRVLESSLNCSA,13.68,7.0,10.29,0.2874,32.0,0.9,6.21
15,2017-11-24,1032311,HLA-DRB1*01:01,0,ic50,YVTFLTVTPNLTSVY,13.1,5.0,4.84,0.01,8.0,0.65,0.79
16,2019-03-22,1034502,HLA-DRB1*03:01,0,ic50,AKRARTDQMEIDSGPRKRPL,111.0,2720.7,444.93,-,1750.0,3.7,2.81
17,2019-03-22,1034502,HLA-DRB1*03:01,0,ic50,DHRRRKALENKRKQLAGGGK,985.0,5588.1,1255.31,-,1831.0,0.8,14.96
18,2019-03-22,1034502,HLA-DRB1*03:01,0,ic50,ERDLRKIKKKIKKLEDENPW,11794.0,703.4,969.16,-,1385.0,2.9,3.24
19,2019-03-22,1034502,HLA-DRB1*03:01,0,ic50,ERRVAGPQVGGVNPLEGGSR,30000.0,17454.1,18188.42,-,38571.0,1.8,61.88
20,2019-03-22,1034502,HLA-DRB1*03:01,0,ic50,GAPGGGFVPSMQGVPESPFT,30000.0,16863.4,12941.2,-,6154.0,1.6,12.19
21,2019-03-22,1034502,HLA-DRB1*03:01,0,ic50,GGREEILEQWVNGRKKLEEL,5935.0,2512.7,691.31,-,1375.0,2.2,5.69
22,2019-03-22,1034502,HLA-DRB1*03:01,0,ic50,GQGFPWDILFPSDPPFSPQS,30000.0,702.3,2610.82,-,2512.0,4.1,4.35
23,2019-03-22,1034502,HLA-DRB1*03:01,0,ic50,GVNPLEGGSRGAPGGGFVPS,30000.0,37455.6,20195.19,-,50000.0,1.6,70.94
24,2019-03-22,1034502,HLA-DRB1*03:01,0,ic50,IDSGPRKRPLRGGFSDKERQ,1159.0,5655.5,13712.12,-,18383.0,1.9,36.29
25,2019-03-22,1034502,HLA-DRB1*03:01,0,ic50,IKKLEDENPWLGNIKGILGK,23414.0,1425.4,4241.37,-,1712.0,1.76,8.25
26,2019-03-22,1034502,HLA-DRB1*03:01,0,ic50,KDKDGEGAPPAKRARTDQME,30000.0,31530.0,17330.61,-,12955.0,-12.5,92.23
27,2019-03-22,1034502,HLA-DRB1*03:01,0,ic50,KRKQLAGGGKSLSKEEEEEL,775.0,14208.6,9872.67,-,5390.0,3.17,33.51
28,2019-03-22,1034502,HLA-DRB1*03:01,0,ic50,KRLTEEDERRERRVAGPQVG,1736.0,5846.2,6246.14,-,1212.0,-4.8,34.89
29,2019-03-22,1034502,HLA-DRB1*03:01,0,ic50,LGNIKGILGKKDKDGEGAPP,23554.0,11299.6,9701.97,-,17669.0,1.6,35.06
30,2019-03-22,1034502,HLA-DRB1*03:01,0,ic50,MQGVPESPFTRHGEGLGVRG,3577.0,20941.5,13077.88,-,15952.0,0.97,32.11
31,2019-03-22,1034502,HLA-DRB1*03:01,0,ic50,MSRSESKKNRGGREEILEQW,30000.0,25296.3,15521.59,-,15459.0,-0.5,31.21
32,2019-03-22,1034502,HLA-DRB1*03:01,0,ic50,PWDILFPSDPPFSPQSCRPQ,30000.0,702.3,2610.82,-,2512.0,4.1,4.35
33,2019-03-22,1034502,HLA-DRB1*03:01,0,ic50,RGGFSDKERQDHRRRKALEN,288.0,5854.9,2623.76,-,1486.0,-3.2,33.92
34,2019-03-22,1034502,HLA-DRB1*03:01,0,ic50,RHGEGLGVRGGQGFPWDILF,30000.0,25431.3,14369.04,-,50000.0,1.7,70.94
35,2019-03-22,1034502,HLA-DRB1*03:01,0,ic50,SLSKEEEEELKRLTEEDERR,30000.0,8819.6,12473.38,-,3238.0,-0.1,21.07
36,2019-03-22,1034502,HLA-DRB1*03:01,0,ic50,VNGRKKLEELERDLRKIKKK,88.0,9.1,144.65,-,215.0,3.0,0.35
38,2019-03-22,1034502,HLA-DRB1*08:02,0,ic50,AKRARTDQMEIDSGPRKRPL,1625.0,13451.6,7555.4,-,7433.0,-2.6,23.17
39,2019-03-22,1034502,HLA-DRB1*08:02,0,ic50,DHRRRKALENKRKQLAGGGK,11553.0,1610.6,1851.9,-,3317.0,2.0,10.55
40,2019-03-22,1034502,HLA-DRB1*08:02,0,ic50,ERDLRKIKKKIKKLEDENPW,157.0,936.9,249.85,-,659.0,1.7,2.09
41,2019-03-22,1034502,HLA-DRB1*08:02,0,ic50,ERRVAGPQVGGVNPLEGGSR,17492.0,3648.5,8627.6,-,4231.0,-0.8,14.1
42,2019-03-22,1034502,HLA-DRB1*08:02,0,ic50,GAPGGGFVPSMQGVPESPFT,3648.0,3122.0,5165.83,-,1392.0,-0.7,11.36
43,2019-03-22,1034502,HLA-DRB1*08:02,0,ic50,GGREEILEQWVNGRKKLEEL,709.0,2786.1,1887.34,-,7549.0,1.6,23.48
44,2019-03-22,1034502,HLA-DRB1*08:02,0,ic50,GQGFPWDILFPSDPPFSPQS,162.0,634.7,4552.07,-,3174.0,-0.9,12.02
45,2019-03-22,1034502,HLA-DRB1*08:02,0,ic50,GVNPLEGGSRGAPGGGFVPS,30000.0,11128.9,12278.95,-,11026.0,-1.4,31.91
46,2019-03-22,1034502,HLA-DRB1*08:02,0,ic50,IDSGPRKRPLRGGFSDKERQ,8013.0,12875.4,7136.25,-,8071.0,-3.8,29.37
47,2019-03-22,1034502,HLA-DRB1*08:02,0,ic50,IKKLEDENPWLGNIKGILGK,64.0,188.1,1712.12,-,1475.0,1.0,3.95
48,2019-03-22,1034502,HLA-DRB1*08:02,0,ic50,KDKDGEGAPPAKRARTDQME,4925.0,6745.8,11479.16,-,5057.0,-12.5,66.86
49,2019-03-22,1034502,HLA-DRB1*08:02,0,ic50,KRKQLAGGGKSLSKEEEEEL,6719.0,9154.8,4332.42,-,7078.0,-1.1,22.21
50,2019-03-22,1034502,HLA-DRB1*08:02,0,ic50,KRLTEEDERRERRVAGPQVG,26860.0,1600.1,7895.8,-,1617.0,-6.9,31.39
51,2019-03-22,1034502,HLA-DRB1*08:02,0,ic50,LGNIKGILGKKDKDGEGAPP,149.0,393.0,1588.65,-,1191.0,-1.0,9.52
52,2019-03-22,1034502,HLA-DRB1*08:02,0,ic50,MQGVPESPFTRHGEGLGVRG,30000.0,6549.8,8969.03,-,4349.0,-3.0,25.55
53,2019-03-22,1034502,HLA-DRB1*08:02,0,ic50,MSRSESKKNRGGREEILEQW,6865.0,16083.9,12834.11,-,11351.0,-3.9,32.61
54,2019-03-22,1034502,HLA-DRB1*08:02,0,ic50,PWDILFPSDPPFSPQSCRPQ,307.0,634.7,4668.24,-,3337.0,-0.9,12.02
55,2019-03-22,1034502,HLA-DRB1*08:02,0,ic50,RGGFSDKERQDHRRRKALEN,30000.0,12200.3,6500.28,-,19489.0,0.58,58.76
56,2019-03-22,1034502,HLA-DRB1*08:02,0,ic50,RHGEGLGVRGGQGFPWDILF,30000.0,5315.1,7943.87,-,8473.0,-0.6,25.89
57,2019-03-22,1034502,HLA-DRB1*08:02,0,ic50,SLSKEEEEELKRLTEEDERR,28500.0,9349.9,16447.29,-,4668.0,-4.0,30.14
58,2019-03-22,1034502,HLA-DRB1*08:02,0,ic50,VNGRKKLEELERDLRKIKKK,550.0,5736.9,3726.38,-,3219.0,1.6,15.07
60,2019-03-22,1034502,HLA-DRB1*11:01,0,ic50,AKRARTDQMEIDSGPRKRPL,30000.0,1577.2,3077.88,-,814.0,-2.15,21.82
61,2019-03-22,1034502,HLA-DRB1*11:01,0,ic50,DHRRRKALENKRKQLAGGGK,27.0,198.0,269.55,-,475.0,-0.7,13.01
62,2019-03-22,1034502,HLA-DRB1*11:01,0,ic50,ERDLRKIKKKIKKLEDENPW,75.0,10.1,43.86,-,9.0,2.9,0.7
63,2019-03-22,1034502,HLA-DRB1*11:01,0,ic50,ERRVAGPQVGGVNPLEGGSR,30000.0,10880.5,10732.86,-,12294.0,1.1,43.64
64,2019-03-22,1034502,HLA-DRB1*11:01,0,ic50,GAPGGGFVPSMQGVPESPFT,1064.0,683.3,5201.39,-,3921.0,-0.3,17.73
65,2019-03-22,1034502,HLA-DRB1*11:01,0,ic50,GGREEILEQWVNGRKKLEEL,1035.0,61.7,354.12,-,218.0,0.4,6.64
66,2019-03-22,1034502,HLA-DRB1*11:01,0,ic50,GQGFPWDILFPSDPPFSPQS,30000.0,885.8,3728.64,-,2633.0,0.55,12.13
67,2019-03-22,1034502,HLA-DRB1*11:01,0,ic50,GVNPLEGGSRGAPGGGFVPS,15138.0,15052.7,10366.49,-,13542.0,-0.9,46.25
68,2019-03-22,1034502,HLA-DRB1*11:01,0,ic50,IDSGPRKRPLRGGFSDKERQ,3360.0,627.2,3361.55,-,1452.0,-4.3,31.68
69,2019-03-22,1034502,HLA-DRB1*11:01,0,ic50,IKKLEDENPWLGNIKGILGK,173.0,360.2,713.65,-,530.0,1.1,4.3
70,2019-03-22,1034502,HLA-DRB1*11:01,0,ic50,KDKDGEGAPPAKRARTDQME,30000.0,9693.4,11711.37,-,5520.0,-12.5,81.39
71,2019-03-22,1034502,HLA-DRB1*11:01,0,ic50,KRKQLAGGGKSLSKEEEEEL,379.0,3891.6,2654.05,-,2002.0,-1.8,19.94
72,2019-03-22,1034502,HLA-DRB1*11:01,0,ic50,KRLTEEDERRERRVAGPQVG,23468.0,2698.4,7513.25,-,1251.0,-7.4,34.87
73,2019-03-22,1034502,HLA-DRB1*11:01,0,ic50,LGNIKGILGKKDKDGEGAPP,1596.0,283.9,401.67,-,391.0,0.0,8.92
74,2019-03-22,1034502,HLA-DRB1*11:01,0,ic50,MQGVPESPFTRHGEGLGVRG,1385.0,7982.7,5076.95,-,8628.0,-2.7,34.46
75,2019-03-22,1034502,HLA-DRB1*11:01,0,ic50,MSRSESKKNRGGREEILEQW,30000.0,4965.6,7161.08,-,2907.0,-3.0,26.75
76,2019-03-22,1034502,HLA-DRB1*11:01,0,ic50,PWDILFPSDPPFSPQSCRPQ,30000.0,1676.1,3728.64,-,3947.0,0.55,17.85
77,2019-03-22,1034502,HLA-DRB1*11:01,0,ic50,RGGFSDKERQDHRRRKALEN,943.0,949.4,2406.49,-,644.0,-2.12,21.78
78,2019-03-22,1034502,HLA-DRB1*11:01,0,ic50,RHGEGLGVRGGQGFPWDILF,688.0,3311.1,6722.23,-,8756.0,-2.4,34.85
79,2019-03-22,1034502,HLA-DRB1*11:01,0,ic50,SLSKEEEEELKRLTEEDERR,30000.0,10635.1,14584.1,-,1748.0,-2.5,24.12
80,2019-03-22,1034502,HLA-DRB1*11:01,0,ic50,VNGRKKLEELERDLRKIKKK,61.0,236.4,877.13,-,150.0,0.4,12.94
82,2019-03-22,1034502,HLA-DRB1*15:01,0,ic50,AKRARTDQMEIDSGPRKRPL,685.0,3850.2,5804.84,-,1828.0,0.3,28.89
83,2019-03-22,1034502,HLA-DRB1*15:01,0,ic50,DHRRRKALENKRKQLAGGGK,3025.0,4460.0,2625.09,-,2490.0,-0.7,35.06
84,2019-03-22,1034502,HLA-DRB1*15:01,0,ic50,ERDLRKIKKKIKKLEDENPW,544.0,952.1,781.43,-,393.0,0.5,17.13
85,2019-03-22,1034502,HLA-DRB1*15:01,0,ic50,ERRVAGPQVGGVNPLEGGSR,820.0,9547.3,10452.2,-,3315.0,1.8,40.98
86,2019-03-22,1034502,HLA-DRB1*15:01,0,ic50,GAPGGGFVPSMQGVPESPFT,9047.0,7230.8,5705.03,-,4366.0,0.5,46.86
87,2019-03-22,1034502,HLA-DRB1*15:01,0,ic50,GGREEILEQWVNGRKKLEEL,922.0,264.8,600.2,-,2242.0,0.9,24.72
88,2019-03-22,1034502,HLA-DRB1*15:01,0,ic50,GQGFPWDILFPSDPPFSPQS,474.0,580.1,2037.86,-,2306.0,1.0,31.32
89,2019-03-22,1034502,HLA-DRB1*15:01,0,ic50,GVNPLEGGSRGAPGGGFVPS,30000.0,10804.2,12021.94,-,8196.0,1.1,60.29
90,2019-03-22,1034502,HLA-DRB1*15:01,0,ic50,IDSGPRKRPLRGGFSDKERQ,3033.0,4189.1,6906.62,-,2335.0,0.4,33.76
91,2019-03-22,1034502,HLA-DRB1*15:01,0,ic50,IKKLEDENPWLGNIKGILGK,45.0,1183.2,1028.9,-,455.0,2.8,8.81
92,2019-03-22,1034502,HLA-DRB1*15:01,0,ic50,KDKDGEGAPPAKRARTDQME,29642.0,18749.9,18449.65,-,28732.0,-12.5,95.65
93,2019-03-22,1034502,HLA-DRB1*15:01,0,ic50,KRKQLAGGGKSLSKEEEEEL,1912.0,4034.9,4373.82,-,7883.0,-0.1,59.44
94,2019-03-22,1034502,HLA-DRB1*15:01,0,ic50,KRLTEEDERRERRVAGPQVG,13465.0,8655.2,12769.7,-,2067.0,-5.2,81.25
95,2019-03-22,1034502,HLA-DRB1*15:01,0,ic50,LGNIKGILGKKDKDGEGAPP,347.0,3149.7,1563.38,-,545.0,2.8,10.66
96,2019-03-22,1034502,HLA-DRB1*15:01,0,ic50,MQGVPESPFTRHGEGLGVRG,3668.0,2979.0,5918.49,-,7121.0,0.5,57.28
97,2019-03-22,1034502,HLA-DRB1*15:01,0,ic50,MSRSESKKNRGGREEILEQW,5194.0,11279.3,15751.68,-,9525.0,-0.8,63.36
98,2019-03-22,1034502,HLA-DRB1*15:01,0,ic50,PWDILFPSDPPFSPQSCRPQ,327.0,580.1,2037.86,-,2505.0,1.0,31.32
99,2019-03-22,1034502,HLA-DRB1*15:01,0,ic50,RGGFSDKERQDHRRRKALEN,30000.0,8178.5,10518.45,-,13195.0,-3.7,78.38
100,2019-03-22,1034502,HLA-DRB1*15:01,0,ic50,RHGEGLGVRGGQGFPWDILF,3241.0,1375.2,2000.98,-,1748.0,2.9,28.02
101,2019-03-22,1034502,HLA-DRB1*15:01,0,ic50,SLSKEEEEELKRLTEEDERR,30000.0,19112.6,17701.11,-,20462.0,-1.3,77.33
102,2019-03-22,1034502,HLA-DRB1*15:01,0,ic50,VNGRKKLEELERDLRKIKKK,912.0,11334.4,5161.36,-,6086.0,0.9,53.92
104,2019-03-22,1034502,HLA-DRB1*15:02,0,ic50,AKRARTDQMEIDSGPRKRPL,23809.0,-,7755.59,-,-,-0.7,23.07
105,2019-03-22,1034502,HLA-DRB1*15:02,0,ic50,DHRRRKALENKRKQLAGGGK,30000.0,-,4387.47,-,-,-1.7,28.9
106,2019-03-22,1034502,HLA-DRB1*15:02,0,ic50,ERDLRKIKKKIKKLEDENPW,112.0,-,2644.62,-,-,-0.5,20.99
107,2019-03-22,1034502,HLA-DRB1*15:02,0,ic50,ERRVAGPQVGGVNPLEGGSR,30000.0,-,11120.71,-,-,0.8,12.45
108,2019-03-22,1034502,HLA-DRB1*15:02,0,ic50,GAPGGGFVPSMQGVPESPFT,6292.0,-,5461.26,-,-,0.2,16.59
109,2019-03-22,1034502,HLA-DRB1*15:02,0,ic50,GGREEILEQWVNGRKKLEEL,22752.0,-,1520.75,-,-,0.1,16.67
110,2019-03-22,1034502,HLA-DRB1*15:02,0,ic50,GQGFPWDILFPSDPPFSPQS,12648.0,-,2795.29,-,-,0.4,15.14
111,2019-03-22,1034502,HLA-DRB1*15:02,0,ic50,GVNPLEGGSRGAPGGGFVPS,30000.0,-,12704.11,-,-,0.1,16.67
112,2019-03-22,1034502,HLA-DRB1*15:02,0,ic50,IDSGPRKRPLRGGFSDKERQ,30000.0,-,6939.5,-,-,-0.6,21.77
113,2019-03-22,1034502,HLA-DRB1*15:02,0,ic50,IKKLEDENPWLGNIKGILGK,2299.0,-,1384.92,-,-,1.8,6.67
114,2019-03-22,1034502,HLA-DRB1*15:02,0,ic50,KDKDGEGAPPAKRARTDQME,30000.0,-,18136.93,-,-,-12.5,100.0
115,2019-03-22,1034502,HLA-DRB1*15:02,0,ic50,KRKQLAGGGKSLSKEEEEEL,30000.0,-,4566.13,-,-,-1.1,25.68
116,2019-03-22,1034502,HLA-DRB1*15:02,0,ic50,KRLTEEDERRERRVAGPQVG,30000.0,-,13568.09,-,-,-6.2,34.97
117,2019-03-22,1034502,HLA-DRB1*15:02,0,ic50,LGNIKGILGKKDKDGEGAPP,28350.0,-,2910.94,-,-,1.8,6.67
118,2019-03-22,1034502,HLA-DRB1*15:02,0,ic50,MQGVPESPFTRHGEGLGVRG,461.0,-,5942.62,-,-,0.0,17.88
119,2019-03-22,1034502,HLA-DRB1*15:02,0,ic50,MSRSESKKNRGGREEILEQW,30000.0,-,15453.89,-,-,-1.8,29.39
120,2019-03-22,1034502,HLA-DRB1*15:02,0,ic50,PWDILFPSDPPFSPQSCRPQ,11118.0,-,2908.36,-,-,-0.0,17.92
121,2019-03-22,1034502,HLA-DRB1*15:02,0,ic50,RGGFSDKERQDHRRRKALEN,30000.0,-,13903.65,-,-,-2.7,32.44
122,2019-03-22,1034502,HLA-DRB1*15:02,0,ic50,RHGEGLGVRGGQGFPWDILF,19961.0,-,3125.88,-,-,1.9,6.2
123,2019-03-22,1034502,HLA-DRB1*15:02,0,ic50,SLSKEEEEELKRLTEEDERR,30000.0,-,17914.59,-,-,-2.3,31.31
124,2019-03-22,1034502,HLA-DRB1*15:02,0,ic50,VNGRKKLEELERDLRKIKKK,28966.0,-,8313.11,-,-,-0.1,18.18
125,2017-08-18,1031910,HLA-DRB1*15:01,0,binary,AIPPCPHGWISLWKG,1.0,1146.1,2476.59,-,7968.0,0.0,42.44
126,2017-08-18,1031910,HLA-DRB1*15:01,0,binary,CPHGWISLWKGFSFI,0.0,112.6,157.27,-,369.0,2.6,7.1
127,2017-08-18,1031910,HLA-DRB1*15:01,0,binary,DAPPCPHGWISLWKG,1.0,1329.4,2917.94,-,8277.0,-12.5,45.04
128,2017-08-18,1031910,HLA-DRB1*15:01,0,binary,DIAPCPHGWISLWKG,1.0,942.8,1988.27,-,6557.0,0.5,39.13
129,2017-08-18,1031910,HLA-DRB1*15:01,0,binary,DIPACPHGWISLWKG,1.0,985.1,2036.67,-,7169.0,-0.3,39.87
130,2017-08-18,1031910,HLA-DRB1*15:01,0,binary,DIPPAPHGWISLWKG,0.0,1369.5,2951.6,-,7852.0,0.0,45.58
131,2017-08-18,1031910,HLA-DRB1*15:01,0,binary,DIPPCAHGWISLWKG,1.0,726.2,1325.88,-,6432.0,0.0,34.86
132,2017-08-18,1031910,HLA-DRB1*15:01,0,binary,DIPPCPAGWISLWKG,1.0,2468.3,2745.5,-,7730.0,0.5,56.29
133,2017-08-18,1031910,HLA-DRB1*15:01,0,binary,DIPPCPHAWISLWKG,1.0,813.4,1193.0,-,6349.0,0.0,36.69
134,2017-08-18,1031910,HLA-DRB1*15:01,0,binary,DIPPCPHGAISLWAA,1.0,1485.0,3929.57,-,4567.0,0.0,47.04
135,2017-08-18,1031910,HLA-DRB1*15:01,0,binary,DIPPCPHGAISLWAG,1.0,2147.9,5141.24,-,5874.0,0.0,53.17
136,2017-08-18,1031910,HLA-DRB1*15:01,0,binary,DIPPCPHGAISLWKA,1.0,1585.5,2989.75,-,4217.0,0.0,46.1
137,2017-08-18,1031910,HLA-DRB1*15:01,0,binary,DIPPCPHGAISLWKG,1.0,2064.5,4397.5,-,5818.0,0.0,52.98
138,2017-08-18,1031910,HLA-DRB1*15:01,0,binary,DIPPCPHGWASLWKG,1.0,2737.7,4468.43,-,12387.0,-0.7,58.25
139,2017-08-18,1031910,HLA-DRB1*15:01,0,binary,DIPPCPHGWIALWKG,1.0,1783.3,2384.74,-,9047.0,0.0,50.28
140,2017-08-18,1031910,HLA-DRB1*15:01,0,binary,DIPPCPHGWISAWKG,1.0,1084.2,4613.36,-,3403.0,0.0,41.49
141,2017-08-18,1031910,HLA-DRB1*15:01,0,binary,DIPPCPHGWISLAKG,1.0,3109.5,3892.84,-,10699.0,0.0,60.68
142,2017-08-18,1031910,HLA-DRB1*15:01,0,binary,DIPPCPHGWISLWAA,1.0,1151.0,2488.98,-,5770.0,0.0,42.52
143,2017-08-18,1031910,HLA-DRB1*15:01,0,binary,DIPPCPHGWISLWAG,1.0,1225.4,3350.98,-,7299.0,0.0,43.61
144,2017-08-18,1031910,HLA-DRB1*15:01,0,binary,DIPPCPHGWISLWKA,1.0,966.0,1873.24,-,5973.0,0.0,39.53
145,2017-08-18,1031910,HLA-DRB1*15:01,0,binary,DIPPCPHGWISLWKG,1.0,1167.2,2627.36,-,8026.0,0.0,42.76
146,2017-08-18,1031910,HLA-DRB1*15:01,0,binary,HGWISLWKGFSFIMF,0.0,31.3,124.78,-,251.0,3.5,2.89
147,2017-08-18,1031910,HLA-DRB1*15:01,0,binary,IPPCPHGWISLWKGF,1.0,867.3,1494.94,-,6304.0,0.0,37.74
148,2017-08-18,1031910,HLA-DRB1*15:01,0,binary,PCPHGWISLWKGFSF,0.0,174.1,246.3,-,391.0,2.6,7.53
149,2017-08-18,1031910,HLA-DRB1*15:01,0,binary,PHGWISLWKGFSFIM,0.0,40.2,126.29,-,323.0,2.6,4.8
150,2017-08-18,1031910,HLA-DRB1*15:01,0,binary,PPCPHGWISLWKGFS,1.0,554.4,760.68,-,1681.0,0.2,27.28
151,2017-08-18,1031910,HLA-DRB1*15:01,0,binary,TDIPPCPHGWISLWK,1.0,1701.8,3357.22,-,12038.0,0.0,49.44
152,2017-08-18,1031910,HLA-DRB1*15:01,0,binary,TDIPPCPHGWISLWKGFSFIMF,1.0,31.3,124.78,-,251.0,3.5,2.89
153,2018-11-23,1029531,HLA-DRB1*01:01,0,ic50,DVDELKTLYNTFILWLM,810.0,13.4,22.46,0.179,24.0,0.69,7.6
154,2018-11-23,1029531,HLA-DRB1*01:01,0,ic50,IVLNIFALPYANVTVSN,5000.0,12.2,16.33,0.1682,25.0,0.4,6.81
155,2018-11-23,1029531,HLA-DRB1*01:01,0,ic50,KLFIYIITQAWTASEDS,37.0,4.3,12.67,0.01,30.0,1.52,0.25
156,2018-11-23,1029531,HLA-DRB1*01:01,0,ic50,LKETILDLAALISNMNL,2400.0,21.1,15.89,0.1577,22.0,-0.4,11.82
157,2018-11-23,1029531,HLA-DRB1*01:01,0,ic50,LQLTFFFPLGIYIPTET,20000.0,42.5,116.18,0.5221,97.0,0.7,17.28
158,2018-11-23,1029531,HLA-DRB1*01:01,0,ic50,MGSKIQNLFSAFPIHAF,320.0,17.9,12.85,0.01,67.0,0.4,10.22
159,2018-11-23,1029531,HLA-DRB1*01:01,0,ic50,MQTLLRKSPPQFIVLTM,7900.0,7.4,15.0,4.61,80.0,1.2,14.77
160,2018-11-23,1029531,HLA-DRB1*01:01,0,ic50,NLVSLIRLVKRTISISN,2300.0,24.9,65.21,1.94,84.0,0.49,15.38
161,2018-11-23,1029531,HLA-DRB1*01:01,0,ic50,PIGSIQKLTNILSQYIS,140.0,11.6,7.51,70.09,25.0,0.3,6.39
162,2018-11-23,1029531,HLA-DRB1*01:01,0,ic50,SINKLVYLGKLFVTLNQ,4600.0,53.3,71.18,2.97,39.0,1.4,22.02
163,2018-11-23,1029531,HLA-DRB1*01:01,0,ic50,TRTHYLLLAKNGSVFEM,74.0,6.1,7.84,2.42,21.0,0.7,3.95
164,2017-12-29,1032520,H2-IAb,0,ic50,APSEQTTTPEAATAASN,1346.0,342.4,1170.88,-,577.0,-,5.58
165,2017-12-29,1032520,H2-IAb,0,ic50,DNEYDFSGKAALVYGQ,104.0,229.6,568.39,-,603.0,-,4.94
166,2017-12-29,1032520,H2-IAb,0,ic50,GGSTYIAAKVNEAKD,302.0,44.6,124.54,-,260.0,-,1.58
167,2017-12-29,1032520,H2-IAb,0,ic50,GINHEKYNSSQTIVSNAS,2420.0,296.0,348.82,-,611.0,-,5.47
168,2017-12-29,1032520,H2-IAb,0,ic50,INDRNFIATTALSSTEE,818.0,62.0,183.13,-,330.0,-,2.11
169,2017-12-29,1032520,H2-IAb,0,ic50,LHASPYVAPAAAIIEMAE,110.0,13.1,67.85,-,72.0,-,0.27
170,2017-12-29,1032520,H2-IAb,0,ic50,LIPEYNEAAIMLSEKK,166.0,423.0,696.9,-,2812.0,-,13.7
171,2017-12-29,1032520,H2-IAb,0,ic50,LMTTVHASTANQLVV,980.0,191.2,254.49,-,478.0,-,4.02
172,2017-12-29,1032520,H2-IAb,0,ic50,LSEVVIHPETNYALTG,15941.0,2437.2,5562.76,-,1928.0,-,19.06
173,2017-12-29,1032520,H2-IAb,0,ic50,NALYNYSIPRPNVTSNL,87.0,9.2,179.02,-,15.0,-,0.03
174,2017-12-29,1032520,H2-IAb,0,ic50,SGKVVEENPKAIKSGDS,2701.0,2341.8,10990.09,-,1219.0,-,16.3
175,2017-12-29,1032520,H2-IAb,0,ic50,TEVPSLVPPTTNTSHAAPAH,872.0,72.4,1255.1,-,355.0,-,2.35
176,2017-12-29,1032520,H2-IAb,0,ic50,TTLGIFRAAVPSGASTG,115.0,8.4,23.77,-,125.0,-,0.57
